Date,Total Followers,Sponsored Followers,Organic Followers
2023-12-14,0,0,0
2023-12-15,0,0,0
2023-12-16,0,0,0
2023-12-17,0,0,0
2023-12-18,0,0,0
2023-12-19,0,0,0
2023-12-20,0,0,0
2023-12-21,0,0,0
2023-12-22,0,0,0
2023-12-23,0,0,0
2023-12-24,1,0,1
2023-12-25,0,0,0
2023-12-26,0,0,0
2023-12-27,0,0,0
2023-12-28,0,0,0
2023-12-29,0,0,0
2023-12-30,0,0,0
2023-12-31,0,0,0
2024-01-01,0,0,0
2024-01-02,28,0,28
2024-01-03,18,0,18
2024-01-04,5,0,5
2024-01-05,8,0,8
2024-01-06,5,0,5
2024-01-07,0,0,0
2024-01-08,6,0,6
2024-01-09,6,0,6
2024-01-10,5,0,5
2024-01-11,2,0,2
2024-01-12,3,0,3
2024-01-13,2,0,2
2024-01-14,1,0,1
2024-01-15,2,0,2
2024-01-16,0,0,0
2024-01-17,0,0,0
2024-01-18,9,0,9
2024-01-19,1,0,1
2024-01-20,1,0,1
2024-01-21,0,0,0
2024-01-22,1,0,1
2024-01-23,3,0,3
2024-01-24,2,0,2
2024-01-25,3,0,3
2024-01-26,0,0,0
2024-01-27,0,0,0
2024-01-28,0,0,0
2024-01-29,0,0,0
2024-01-30,2,0,2
2024-01-31,0,0,0
2024-02-01,2,0,2
2024-02-02,1,0,1
2024-02-03,0,0,0
2024-02-04,0,0,0
2024-02-05,0,0,0
2024-02-06,0,0,0
2024-02-07,0,0,0
2024-02-08,0,0,0
2024-02-09,0,0,0
2024-02-10,1,0,1
2024-02-11,0,0,0
2024-02-12,0,0,0
2024-02-13,1,0,1
2024-02-14,1,0,1
2024-02-15,1,0,1
2024-02-16,0,0,0
2024-02-17,1,0,1
2024-02-18,0,0,0
2024-02-19,0,0,0
2024-02-20,1,0,1
2024-02-21,0,0,0
2024-02-22,0,0,0
2024-02-23,2,0,2
2024-02-24,1,0,1
2024-02-25,0,0,0
2024-02-26,2,0,2
2024-02-27,1,0,1
2024-02-28,1,0,1
2024-02-29,4,0,4
2024-03-01,0,0,0
2024-03-02,0,0,0
2024-03-03,1,0,1
2024-03-04,1,0,1
2024-03-05,0,0,0
2024-03-06,0,0,0
2024-03-07,0,0,0
2024-03-08,0,0,0
2024-03-09,0,0,0
2024-03-10,0,0,0
2024-03-11,0,0,0
2024-03-12,0,0,0
2024-03-13,0,0,0
2024-03-14,0,0,0
2024-03-15,0,0,0
2024-03-16,0,0,0
2024-03-17,0,0,0
2024-03-18,0,0,0
2024-03-19,0,0,0
2024-03-20,0,0,0
2024-03-21,1,0,1
2024-03-22,0,0,0
2024-03-23,0,0,0
2024-03-24,0,0,0
2024-03-25,0,0,0
2024-03-26,0,0,0
2024-03-27,0,0,0
2024-03-28,1,0,1
2024-03-29,0,0,0
2024-03-30,0,0,0
2024-03-31,0,0,0
2024-04-01,0,0,0
2024-04-02,1,0,1
2024-04-03,0,0,0
2024-04-04,1,0,1
2024-04-05,1,0,1
2024-04-06,0,0,0
2024-04-07,0,0,0
2024-04-08,0,0,0
2024-04-09,2,0,2
2024-04-10,0,0,0
2024-04-11,0,0,0
2024-04-12,1,0,1
2024-04-13,0,0,0
2024-04-14,0,0,0
2024-04-15,0,0,0
2024-04-16,5,0,5
2024-04-17,1,0,1
2024-04-18,2,0,2
2024-04-19,0,0,0
2024-04-20,0,0,0
2024-04-21,1,0,1
2024-04-22,0,0,0
2024-04-23,1,0,1
2024-04-24,0,0,0
2024-04-25,0,0,0
2024-04-26,1,0,1
2024-04-27,0,0,0
2024-04-28,0,0,0
2024-04-29,0,0,0
2024-04-30,1,0,1
2024-05-01,0,0,0
2024-05-02,2,0,2
2024-05-03,0,0,0
2024-05-04,0,0,0
2024-05-05,0,0,0
2024-05-06,0,0,0
2024-05-07,1,0,1
2024-05-08,1,0,1
2024-05-09,0,0,0
2024-05-10,1,0,1
2024-05-11,0,0,0
2024-05-12,0,0,0
2024-05-13,0,0,0
2024-05-14,1,0,1
2024-05-15,0,0,0
2024-05-16,0,0,0
2024-05-17,0,0,0
2024-05-18,0,0,0
2024-05-19,0,0,0
2024-05-20,1,0,1
2024-05-21,0,0,0
2024-05-22,0,0,0
2024-05-23,0,0,0
2024-05-24,0,0,0
2024-05-25,0,0,0
2024-05-26,0,0,0
2024-05-27,0,0,0
2024-05-28,0,0,0
2024-05-29,1,0,1
2024-05-30,0,0,0
2024-05-31,0,0,0
2024-06-01,0,0,0
2024-06-02,0,0,0
2024-06-03,0,0,0
2024-06-04,0,0,0
2024-06-05,0,0,0
2024-06-06,0,0,0
2024-06-07,0,0,0
2024-06-08,0,0,0
2024-06-09,0,0,0
2024-06-10,0,0,0
2024-06-11,1,0,1
2024-06-12,0,0,0
2024-06-13,0,0,0
2024-06-14,1,0,1
2024-06-15,0,0,0
2024-06-16,0,0,0
2024-06-17,0,0,0
2024-06-18,0,0,0
2024-06-19,2,0,2
2024-06-20,0,0,0
2024-06-21,0,0,0
2024-06-22,0,0,0
2024-06-23,0,0,0
2024-06-24,2,0,2
2024-06-25,0,0,0
2024-06-26,1,0,1
2024-06-27,0,0,0
2024-06-28,0,0,0
2024-06-29,0,0,0
2024-06-30,1,0,1
2024-07-01,0,0,0
2024-07-02,0,0,0
2024-07-03,0,0,0
2024-07-04,1,0,1
2024-07-05,0,0,0
2024-07-06,0,0,0
2024-07-07,2,0,2
2024-07-08,1,0,1
2024-07-09,1,0,1
2024-07-10,4,0,4
2024-07-11,0,0,0
2024-07-12,0,0,0
2024-07-13,1,0,1
2024-07-14,0,0,0
2024-07-15,0,0,0
2024-07-16,0,0,0
2024-07-17,0,0,0
2024-07-18,5,0,5
2024-07-19,0,0,0
2024-07-20,0,0,0
2024-07-21,0,0,0
2024-07-22,3,0,3
2024-07-23,0,0,0
2024-07-24,0,0,0
2024-07-25,0,0,0
2024-07-26,0,0,0
2024-07-27,0,0,0
2024-07-28,0,0,0
2024-07-29,0,0,0
2024-07-30,0,0,0
2024-07-31,1,0,1
2024-08-01,0,0,0
2024-08-02,0,0,0
2024-08-03,0,0,0
2024-08-04,0,0,0
2024-08-05,1,0,1
2024-08-06,0,0,0
2024-08-07,0,0,0
2024-08-08,1,0,1
2024-08-09,1,0,1
2024-08-10,0,0,0
2024-08-11,0,0,0
2024-08-12,0,0,0
2024-08-13,0,0,0
2024-08-15,0,0,0
2024-08-16,0,0,0
2024-08-19,0,0,0
2024-08-20,0,0,0
2024-08-23,0,0,0
